,SAP,,ORCL,,MSFT,,TSLA,,FB,,GOOG,,NFLX,,IBM,,AAPL,,AMZN,
Date,Close,Adj Close,Close,Adj Close,Close,Adj Close,Close,Adj Close,Close,Adj Close,Close,Adj Close,Close,Adj Close,Close,Adj Close,Close,Adj Close,Close,Adj Close
1/2/2018,112.389999,109.207581,46.630001,45.122593,85.949997,83.53968,320.529999,320.529999,181.419998,181.419998,1065,1065,201.070007,201.070007,154.25,142.483978,172.259995,167.701889,1189.01001,1189.01001
1/3/2018,113.309998,110.101524,47.709999,46.167679,86.349998,83.928474,317.25,317.25,184.669998,184.669998,1082.47998,1082.47998,205.050003,205.050003,158.490005,146.400558,172.229996,167.672668,1204.199951,1204.199951
1/4/2018,115.050003,111.792259,48.18,46.622482,87.110001,84.667145,314.619995,314.619995,184.330002,184.330002,1086.400024,1086.400024,205.630005,205.630005,161.699997,149.365707,173.029999,168.451508,1209.589966,1209.589966
1/5/2018,116.330002,113.036011,48.470001,46.903114,88.190002,85.716881,316.579987,316.579987,186.850006,186.850006,1102.22998,1102.22998,209.990005,209.990005,162.490005,150.095444,175,170.369385,1229.140015,1229.140015
1/8/2018,114.800003,111.549332,48.98,47.396618,88.279999,85.804337,336.410004,336.410004,188.279999,188.279999,1106.939941,1106.939941,212.050003,212.050003,163.470001,151.000687,174.350006,169.736588,1246.869995,1246.869995
1/9/2018,114.160004,110.92746,49.060001,47.658916,88.220001,85.746025,333.690002,333.690002,187.869995,187.869995,1106.26001,1106.26001,209.309998,209.309998,163.830002,151.333221,174.330002,169.717117,1252.699951,1252.699951
1/10/2018,112.870003,109.673988,48.799999,47.406338,87.82,85.357239,334.799988,334.799988,187.839996,187.839996,1102.609985,1102.609985,212.520004,212.520004,164.179993,151.656525,174.289993,169.678162,1254.329956,1254.329956
1/11/2018,109.639999,106.535446,48.950001,47.552048,88.080002,85.609947,337.950012,337.950012,187.770004,187.770004,1105.52002,1105.52002,217.240005,217.240005,164.199997,151.675003,175.279999,170.641968,1276.680054,1276.680054
1/12/2018,110.129997,107.011566,49.509998,48.096058,89.599998,87.087334,336.220001,336.220001,179.369995,179.369995,1122.26001,1122.26001,221.229996,221.229996,163.139999,150.695847,177.089996,172.404099,1305.199951,1305.199951
1/16/2018,110.68,107.545998,49.59,48.173775,88.349998,85.872368,340.059998,340.059998,178.389999,178.389999,1121.76001,1121.76001,221.529999,221.529999,163.850006,151.3517,176.190002,171.527893,1304.859985,1304.859985
1/17/2018,111.190002,108.041557,50.27,48.834351,90.139999,87.612183,347.160004,347.160004,177.600006,177.600006,1131.97998,1131.97998,217.5,217.5,168.649994,155.785538,179.100006,174.360886,1295,1295
1/18/2018,111.669998,108.507965,50.23,48.795494,90.099998,87.573303,344.570007,344.570007,179.800003,179.800003,1129.790039,1129.790039,220.330002,220.330002,169.119995,156.219681,179.259995,174.516632,1293.319946,1293.319946
1/19/2018,113.199997,109.994637,50.580002,49.135498,90,87.476105,350.019989,350.019989,181.289993,181.289993,1137.51001,1137.51001,220.460007,220.460007,162.369995,149.984573,178.460007,173.737839,1294.579956,1294.579956
1/22/2018,112.779999,109.586533,50.709999,49.261787,91.610001,89.040962,351.559998,351.559998,185.369995,185.369995,1155.810059,1155.810059,227.580002,227.580002,162.600006,150.197052,177,172.316452,1327.310059,1327.310059
1/23/2018,114.269997,111.03434,51.119999,49.660076,91.900002,89.322823,352.790009,352.790009,189.350006,189.350006,1169.969971,1169.969971,250.289993,250.289993,166.25,153.568619,177.039993,172.355392,1362.540039,1362.540039
1/24/2018,114.370003,111.131516,51.450001,49.980652,91.82,89.245064,345.890015,345.890015,186.550003,186.550003,1164.23999,1164.23999,261.299988,261.299988,165.369995,152.755737,174.220001,169.610016,1357.51001,1357.51001
1/25/2018,112.839996,109.644836,51.599998,50.126369,92.330002,89.740768,337.640015,337.640015,187.479996,187.479996,1170.369995,1170.369995,269.700012,269.700012,165.470001,152.848114,171.110001,166.582321,1377.949951,1377.949951
1/26/2018,114.540001,111.2967,52.75,51.243526,94.059998,91.422256,342.850006,342.850006,190,190,1175.839966,1175.839966,274.600006,274.600006,167.339996,154.575485,171.509995,166.971725,1402.050049,1402.050049
1/29/2018,113.540001,110.325012,51.939999,50.456657,93.919998,91.286179,349.529999,349.529999,185.979996,185.979996,1175.579956,1175.579956,284.589996,284.589996,166.800003,154.07666,167.960007,163.515671,1417.680054,1417.680054
1/30/2018,110.809998,107.67231,50.959999,49.504646,92.739998,90.139259,345.820007,345.820007,187.119995,187.119995,1163.689941,1163.689941,278.799988,278.799988,163.619995,151.139236,166.970001,162.551865,1437.819946,1437.819946
1/31/2018,113.25,110.043221,51.59,50.116657,95.010002,92.345612,354.309998,354.309998,186.889999,186.889999,1169.939941,1169.939941,270.299988,270.299988,163.699997,151.21312,167.429993,162.999695,1450.890015,1450.890015
2/1/2018,111.650002,108.488533,51.630001,50.155518,94.260002,91.616646,349.25,349.25,193.089996,193.089996,1167.699951,1167.699951,265.070007,265.070007,162.399994,150.012283,167.779999,163.340424,1390,1390
2/2/2018,109.150002,106.059319,50.130001,48.698357,91.779999,89.206184,343.75,343.75,190.279999,190.279999,1111.900024,1111.900024,267.429993,267.429993,159.029999,146.899338,160.5,156.253067,1429.949951,1429.949951
2/5/2018,105.870003,102.8722,48.09,46.71661,88,85.532188,333.130005,333.130005,181.259995,181.259995,1055.800049,1055.800049,254.259995,254.259995,152.529999,140.895157,156.490005,152.349167,1390,1390
2/6/2018,108.360001,105.291687,49.400002,47.989201,91.330002,88.768806,333.970001,333.970001,185.309998,185.309998,1080.599976,1080.599976,265.720001,265.720001,155.339996,143.490814,163.029999,158.71611,1442.839966,1442.839966
2/7/2018,105.089996,102.114273,48.869999,47.474335,89.610001,87.097038,345,345,180.179993,180.179993,1048.579956,1048.579956,264.559998,264.559998,153.850006,142.114487,159.539993,155.318436,1416.780029,1416.780029
2/8/2018,101.660004,98.78141,46.84,45.502312,85.010002,82.626045,315.230011,315.230011,171.580002,171.580002,1001.52002,1001.52002,250.100006,250.100006,147.589996,137.674271,155.149994,151.044632,1350.5,1350.5
2/9/2018,101.989998,99.102058,47.73,46.366894,88.18,85.707153,310.420013,310.420013,176.110001,176.110001,1037.780029,1037.780029,249.470001,249.470001,149.509995,139.465302,156.410004,152.892105,1339.599976,1339.599976
2/12/2018,102.75,99.840538,48.150002,46.774899,89.129997,86.630493,315.730011,315.730011,176.410004,176.410004,1051.939941,1051.939941,257.950012,257.950012,151.399994,141.228287,162.710007,159.050415,1386.22998,1386.22998
2/13/2018,102.800003,99.88913,48.490002,47.105186,89.830002,87.310875,323.660004,323.660004,173.149994,173.149994,1052.099976,1052.099976,258.269989,258.269989,150.75,140.621979,164.339996,160.643784,1414.51001,1414.51001
2/14/2018,105.129997,102.153145,49.450001,48.037773,90.809998,88.678009,322.309998,322.309998,179.520004,179.520004,1069.699951,1069.699951,266,266,154.759995,144.362564,167.369995,163.605591,1451.050049,1451.050049
2/15/2018,105.559998,102.570976,50.639999,49.193787,92.660004,90.484581,334.070007,334.070007,179.960007,179.960007,1089.52002,1089.52002,280.269989,280.269989,156.009995,145.52861,172.990005,169.099213,1461.76001,1461.76001
2/16/2018,104.900002,101.929665,50.709999,49.261787,92,89.840065,335.48999,335.48999,177.360001,177.360001,1094.800049,1094.800049,278.519989,278.519989,156.179993,145.687164,172.429993,168.551804,1448.689941,1448.689941
2/20/2018,104.230003,101.278641,49.889999,48.46521,92.720001,90.543159,334.769989,334.769989,176.009995,176.009995,1102.459961,1102.459961,278.549988,278.549988,155.160004,144.735687,171.850006,167.984848,1468.349976,1468.349976
2/21/2018,103.25,100.326378,49.43,48.018341,91.489998,89.342033,333.299988,333.299988,177.910004,177.910004,1111.339966,1111.339966,281.040009,281.040009,153.960007,143.616333,171.070007,167.222412,1482.920044,1482.920044
2/22/2018,104.139999,101.191185,49.59,48.173775,91.730003,89.576408,346.170013,346.170013,178.990005,178.990005,1106.630005,1106.630005,278.140015,278.140015,153.179993,142.888702,172.5,168.620224,1485.339966,1485.339966
2/23/2018,104.900002,101.929665,50.5,49.057785,94.059998,91.8517,352.049988,352.049988,183.289993,183.289993,1126.790039,1126.790039,285.929993,285.929993,155.520004,145.071518,175.5,171.552734,1500,1500
2/26/2018,105.309998,102.328056,51.169998,49.708649,95.419998,93.179771,357.420013,357.420013,184.929993,184.929993,1143.75,1143.75,294.160004,294.160004,158.580002,147.925934,178.970001,174.944702,1521.949951,1521.949951
2/27/2018,104.07,101.123161,50.73,49.281212,94.199997,91.988403,350.98999,350.98999,181.460007,181.460007,1118.290039,1118.290039,290.609985,290.609985,156.550003,146.032318,178.389999,174.377747,1511.97998,1511.97998
2/28/2018,104.5,101.540985,50.669998,49.222927,93.769997,91.56852,343.059998,343.059998,178.320007,178.320007,1104.72998,1104.72998,291.380005,291.380005,155.830002,145.360672,178.119995,174.113831,1512.449951,1512.449951
3/1/2018,102,99.111778,49.709999,48.290344,92.849998,90.670113,330.929993,330.929993,175.940002,175.940002,1069.52002,1069.52002,290.390015,290.390015,153.809998,143.476364,175,171.063995,1493.449951,1493.449951
3/2/2018,102.709999,99.801674,50.32,48.882927,93.050003,90.865417,335.119995,335.119995,176.619995,176.619995,1078.920044,1078.920044,301.049988,301.049988,154.490005,144.110718,176.210007,172.24678,1500.25,1500.25
3/5/2018,104.599998,101.638161,51.290001,49.825222,93.639999,91.441551,333.350006,333.350006,180.399994,180.399994,1090.930054,1090.930054,315,315,156.949997,146.405426,176.820007,172.843079,1523.609985,1523.609985
3/6/2018,105.080002,102.104568,51.5,50.029224,93.32,91.129082,328.200012,328.200012,179.779999,179.779999,1095.060059,1095.060059,325.220001,325.220001,155.720001,145.258057,176.669998,172.696442,1537.640015,1537.640015
3/7/2018,107.910004,104.854439,51.720001,50.242943,93.860001,91.656403,332.299988,332.299988,183.710007,183.710007,1109.640015,1109.640015,321.160004,321.160004,158.320007,147.683426,175.029999,171.093338,1545,1545
3/8/2018,108.339996,105.272255,52.130001,50.641239,94.43,92.213013,329.100006,329.100006,182.339996,182.339996,1126,1126,317,317,156.210007,145.715164,176.940002,172.960373,1551.859985,1551.859985
3/9/2018,109.120003,106.030174,52.970001,51.457253,96.540001,94.273476,327.170013,327.170013,185.229996,185.229996,1160.040039,1160.040039,331.440002,331.440002,159.309998,148.606888,179.979996,175.931992,1578.890015,1578.890015
3/12/2018,108.980003,105.894135,52.900002,51.389244,96.769997,94.498077,345.51001,345.51001,184.759995,184.759995,1164.5,1164.5,321.299988,321.299988,160.259995,149.493042,181.720001,177.632843,1598.390015,1598.390015
3/13/2018,107.620003,104.572647,52.580002,51.078384,94.410004,92.193489,341.839996,341.839996,181.880005,181.880005,1138.170044,1138.170044,315.880005,315.880005,159.320007,148.616196,179.970001,175.922211,1588.180054,1588.180054
3/14/2018,108.080002,105.019623,52.32,50.825809,93.849998,91.646629,326.630005,326.630005,184.190002,184.190002,1149.48999,1149.48999,321.549988,321.549988,158.119995,147.496841,178.440002,174.42662,1591,1591
3/15/2018,108.489998,105.418007,52.369999,50.874378,94.18,91.968895,325.600006,325.600006,183.860001,183.860001,1149.579956,1149.579956,321.089996,321.089996,159.610001,148.886719,178.649994,174.631882,1582.319946,1582.319946
3/16/2018,107.519997,104.475471,52.27,50.777241,94.599998,92.379021,321.350006,321.350006,185.089996,185.089996,1135.72998,1135.72998,318.450012,318.450012,160.259995,149.493042,178.020004,174.016083,1571.680054,1571.680054
3/19/2018,106.239998,103.23172,51.950001,50.466381,92.889999,90.709175,313.559998,313.559998,172.559998,172.559998,1099.819946,1099.819946,313.480011,313.480011,157.350006,146.778549,175.300003,171.357239,1544.930054,1544.930054
3/20/2018,104.900002,101.929665,47.049999,45.706314,93.129997,90.943542,310.549988,310.549988,168.149994,168.149994,1097.709961,1097.709961,317.5,317.5,156.199997,145.705811,175.240005,171.298615,1586.51001,1586.51001
3/21/2018,105.099998,102.124001,47.02,45.677174,92.480003,90.3088,316.529999,316.529999,169.389999,169.389999,1090.880005,1090.880005,316.480011,316.480011,156.690002,146.162903,171.270004,167.417892,1581.859985,1581.859985
3/22/2018,103.940002,100.996849,45.889999,44.579441,89.790001,87.681946,309.100006,309.100006,164.889999,164.889999,1049.079956,1049.079956,306.700012,306.700012,152.089996,141.871933,168.850006,165.052322,1544.920044,1544.920044
3/23/2018,102.480003,99.578194,44.790001,43.510857,87.18,85.133224,301.540009,301.540009,159.389999,159.389999,1021.570007,1021.570007,300.940002,300.940002,148.889999,138.886948,164.940002,161.23027,1495.560059,1495.560059
3/26/2018,104.830002,101.861649,46.48,45.152592,93.779999,91.57827,304.179993,304.179993,160.059998,160.059998,1053.209961,1053.209961,320.350006,320.350006,153.369995,143.065948,172.770004,168.884155,1555.859985,1555.859985
3/27/2018,103.029999,100.11261,45.380001,44.084007,89.470001,87.369469,279.179993,279.179993,152.220001,152.220001,1005.099976,1005.099976,300.690002,300.690002,151.910004,141.704041,168.339996,164.553802,1497.050049,1497.050049
3/28/2018,103.980003,101.035721,44.98,43.695435,89.389999,87.291344,257.779999,257.779999,153.029999,153.029999,1004.559998,1004.559998,285.769989,285.769989,152.520004,142.273056,166.479996,162.735626,1431.420044,1431.420044
3/29/2018,105.160004,102.182304,45.75,44.443439,91.269997,89.12719,266.130005,266.130005,159.789993,159.789993,1031.790039,1031.790039,295.350006,295.350006,153.429993,143.121918,167.779999,164.006378,1447.339966,1447.339966
4/2/2018,103.290001,100.36525,45.009998,43.724571,88.519997,86.441757,252.479996,252.479996,155.389999,155.389999,1006.469971,1006.469971,280.290009,280.290009,150.070007,139.987656,166.679993,162.931122,1371.98999,1371.98999
4/3/2018,103.669998,100.734489,44.889999,43.608002,89.709999,87.603821,267.529999,267.529999,156.110001,156.110001,1013.409973,1013.409973,283.670013,283.670013,149.850006,139.782455,168.389999,164.602676,1392.050049,1392.050049
4/4/2018,104.470001,101.511833,45.509998,44.210289,92.330002,90.162323,286.940002,286.940002,155.100006,155.100006,1025.140015,1025.140015,288.940002,288.940002,154.119995,143.765564,171.610001,167.750244,1410.569946,1410.569946
4/5/2018,105.440002,102.454376,45.959999,44.647446,92.379997,90.211143,305.720001,305.720001,159.339996,159.339996,1027.810059,1027.810059,293.970001,293.970001,154.029999,143.68161,172.800003,168.913483,1451.75,1451.75
4/6/2018,105.360001,102.37664,44.830002,43.549721,90.230003,88.111626,299.299988,299.299988,157.199997,157.199997,1007.039978,1007.039978,288.850006,288.850006,150.570007,140.454086,168.380005,164.592911,1405.22998,1405.22998
4/9/2018,107.169998,104.135384,44.900002,43.617718,90.769997,88.638939,289.660004,289.660004,157.929993,157.929993,1015.450012,1015.450012,289.929993,289.929993,152.690002,142.431641,170.050003,166.225342,1406.079956,1406.079956
4/10/2018,107.739998,104.689247,45.82,44.51144,92.879997,90.699394,304.700012,304.700012,165.039993,165.039993,1031.640015,1031.640015,298.070007,298.070007,155.389999,144.950241,173.25,169.353378,1436.219971,1436.219971
4/11/2018,106.970001,103.941048,45.610001,44.307438,91.860001,89.703362,300.929993,300.929993,166.320007,166.320007,1019.969971,1019.969971,303.670013,303.670013,155.360001,144.922256,172.440002,168.561569,1427.050049,1427.050049
4/12/2018,107.910004,104.854439,45.880001,44.569729,93.580002,91.382973,294.079987,294.079987,163.869995,163.869995,1032.51001,1032.51001,309.25,309.25,158.070007,147.450195,174.139999,170.223358,1448.5,1448.5
4/13/2018,108.129997,105.068199,46.080002,44.764011,93.080002,90.894714,300.339996,300.339996,164.520004,164.520004,1029.27002,1029.27002,311.649994,311.649994,156.710007,146.181564,174.729996,170.800049,1430.790039,1430.790039
4/16/2018,107.949997,104.893295,46.049999,44.920086,94.169998,91.959106,291.209991,291.209991,164.830002,164.830002,1037.97998,1037.97998,307.779999,307.779999,157.889999,147.282272,175.820007,171.865585,1441.5,1441.5
4/17/2018,109.440002,106.34111,46.66,45.515125,96.07,93.814514,287.690002,287.690002,168.660004,168.660004,1074.160034,1074.160034,336.059998,336.059998,160.910004,150.099396,178.240005,174.231125,1503.829956,1503.829956
4/18/2018,109.010002,105.923286,47.080002,45.92482,96.440002,94.175827,293.350006,293.350006,166.360001,166.360001,1072.079956,1072.079956,334.519989,334.519989,148.789993,138.793655,177.839996,173.840134,1527.839966,1527.839966
4/19/2018,107.870003,104.815567,46.82,45.671196,96.110001,93.853577,300.079987,300.079987,168.100006,168.100006,1087.699951,1087.699951,332.700012,332.700012,147.699997,137.776886,172.800003,168.913483,1556.910034,1556.910034
4/20/2018,106,102.998512,46.23,45.095669,95,92.76963,290.23999,290.23999,166.279999,166.279999,1072.959961,1072.959961,327.769989,327.769989,144.899994,135.164993,165.720001,161.992706,1527.48999,1527.48999
4/23/2018,105.980003,102.979088,45.799999,44.676224,95.349998,93.111412,283.369995,283.369995,165.839996,165.839996,1067.449951,1067.449951,318.690002,318.690002,145.860001,136.060516,165.240005,161.523514,1517.859985,1517.859985
4/24/2018,108.5,105.427727,45.529999,44.412849,93.120003,90.933769,283.459991,283.459991,159.690002,159.690002,1019.97998,1019.97998,307.019989,307.019989,145.559998,135.78067,162.940002,159.275253,1460.089966,1460.089966
4/25/2018,108.889999,105.806679,45.75,44.627449,92.309998,90.142799,280.690002,280.690002,159.690002,159.690002,1021.179993,1021.179993,305.76001,305.76001,145.940002,136.135147,163.649994,159.969269,1460.170044,1460.170044
4/26/2018,109.879997,106.768646,45.959999,44.832298,94.260002,92.047012,285.480011,285.480011,174.160004,174.160004,1040.040039,1040.040039,313.980011,313.980011,146.720001,136.862701,164.220001,160.526474,1517.959961,1517.959961
4/27/2018,111.349998,108.197021,45.529999,44.412849,95.82,93.570381,294.079987,294.079987,173.589996,173.589996,1030.050049,1030.050049,311.76001,311.76001,146.479996,136.63887,162.320007,158.669205,1572.619995,1572.619995
4/30/2018,110.830002,107.691757,45.669998,44.549412,93.519997,91.324371,293.899994,293.899994,172,172,1017.330017,1017.330017,312.459991,312.459991,144.960007,135.220978,165.259995,161.543045,1566.130005,1566.130005
5/1/2018,111.720001,108.556549,45.950001,44.822544,95,92.76963,299.920013,299.920013,173.860001,173.860001,1037.310059,1037.310059,313.299988,313.299988,145,135.25827,169.100006,165.296692,1582.26001,1582.26001
5/2/2018,111.980003,108.809189,45.509998,44.393333,93.510002,91.314621,301.149994,301.149994,176.070007,176.070007,1024.380005,1024.380005,313.359985,313.359985,142.449997,132.879608,176.570007,172.598679,1569.680054,1569.680054
5/3/2018,113.139999,109.93634,45.060001,43.954384,94.07,91.861473,284.450012,284.450012,174.020004,174.020004,1023.719971,1023.719971,311.690002,311.690002,141.990005,132.450516,176.889999,172.911484,1572.079956,1572.079956
5/4/2018,114.019997,110.79142,45.709999,44.588432,95.160004,92.925873,294.089996,294.089996,176.610001,176.610001,1048.209961,1048.209961,320.089996,320.089996,143.910004,134.241486,183.830002,179.695419,1580.949951,1580.949951
5/7/2018,113.989998,110.762268,46.07,44.939598,96.220001,93.960991,302.769989,302.769989,177.970001,177.970001,1054.790039,1054.790039,326.26001,326.26001,143.220001,133.597855,185.160004,180.995468,1600.140015,1600.140015
5/8/2018,114.800003,111.549332,45.939999,44.81279,95.809998,93.560616,301.970001,301.970001,178.919998,178.919998,1053.910034,1053.910034,326.890015,326.890015,143,133.39267,186.050003,181.865463,1592.390015,1592.390015
5/9/2018,115.07,111.811691,46.580002,45.437088,96.940002,94.664101,306.850006,306.850006,182.660004,182.660004,1082.76001,1082.76001,330.299988,330.299988,142.610001,134.505585,187.360001,183.145996,1608,1608
5/10/2018,116.459999,113.162331,46.93,45.7785,97.910004,95.611313,305.019989,305.019989,185.529999,185.529999,1097.569946,1097.569946,329.600006,329.600006,144.240005,136.042953,190.039993,185.765717,1609.079956,1609.079956
5/11/2018,116.18,112.890259,46.82,45.671196,97.699997,95.40625,301.059998,301.059998,186.990005,186.990005,1098.26001,1098.26001,326.459991,326.459991,144.139999,135.948639,188.589996,185.059204,1602.910034,1602.910034
5/14/2018,115.190002,111.928299,46.82,45.671196,98.029999,95.728493,291.970001,291.970001,186.639999,186.639999,1100.199951,1100.199951,328.529999,328.529999,144.300003,136.099564,188.149994,184.627441,1601.540039,1601.540039
5/15/2018,113.639999,110.42218,46.810001,45.661446,97.32,95.035164,284.179993,284.179993,184.320007,184.320007,1079.22998,1079.22998,326.130005,326.130005,143.740005,135.571381,186.440002,182.949463,1576.119995,1576.119995
5/16/2018,114.160004,110.92746,46.73,45.583405,97.150002,95.28035,286.480011,286.480011,183.199997,183.199997,1081.77002,1081.77002,328.190002,328.190002,144.630005,136.410797,188.179993,184.65686,1587.280029,1587.280029
5/17/2018,114.550003,111.306412,46.540001,45.398071,96.18,94.329018,284.540009,284.540009,183.759995,183.759995,1078.589966,1078.589966,325.220001,325.220001,144.5,136.288193,186.990005,183.489166,1581.76001,1581.76001
5/18/2018,113.239998,111.717812,46.32,45.18346,96.360001,94.505569,276.820007,276.820007,182.679993,182.679993,1066.359985,1066.359985,324.179993,324.179993,144.080002,135.892059,186.309998,182.821884,1574.369995,1574.369995
5/21/2018,113.720001,112.19136,47.209999,46.051624,97.599998,95.721695,284.48999,284.48999,184.490005,184.490005,1079.579956,1079.579956,331.820007,331.820007,145.490005,137.221939,187.630005,184.117172,1585.459961,1585.459961
5/22/2018,113.110001,111.589561,46.369999,45.232239,97.5,95.623627,275.01001,275.01001,183.800003,183.800003,1069.72998,1069.72998,331.619995,331.619995,145.089996,136.84465,187.160004,183.655975,1581.400024,1581.400024
5/23/2018,113.629997,112.102562,46.900002,45.749233,98.660004,96.761292,279.070007,279.070007,186.899994,186.899994,1079.689941,1079.689941,344.720001,344.720001,144.669998,136.448532,188.360001,184.833527,1601.859985,1601.859985
5/24/2018,114.029999,112.497192,46.459999,45.320026,98.309998,96.41803,277.850006,277.850006,185.929993,185.929993,1079.23999,1079.23999,349.290009,349.290009,144.070007,135.882629,188.149994,184.627441,1603.069946,1603.069946
5/25/2018,114.029999,112.497192,47,45.846783,98.360001,96.467072,278.850006,278.850006,184.919998,184.919998,1075.660034,1075.660034,351.290009,351.290009,143.639999,135.477051,188.580002,185.049393,1610.150024,1610.150024
5/29/2018,110.290001,108.807465,46.259998,45.124935,98.010002,96.123802,283.76001,283.76001,185.740005,185.740005,1060.319946,1060.319946,349.730011,349.730011,141.220001,133.194595,187.899994,184.382111,1612.869995,1612.869995
5/30/2018,112.400002,110.889099,47.049999,45.895557,98.949997,97.045715,291.720001,291.720001,187.669998,187.669998,1067.800049,1067.800049,353.540009,353.540009,142.619995,134.515015,187.5,183.989609,1624.890015,1624.890015
5/31/2018,112.790001,111.273857,46.720001,45.573654,98.839996,96.937828,284.730011,284.730011,191.779999,191.779999,1084.98999,1084.98999,351.600006,351.600006,141.309998,133.279465,186.869995,183.371399,1629.619995,1629.619995
6/1/2018,113.730003,112.201225,47.349998,46.18819,100.790001,98.850311,291.820007,291.820007,193.990005,193.990005,1119.5,1119.5,359.929993,359.929993,141.949997,133.883087,190.240005,186.678314,1641.540039,1641.540039
6/4/2018,114.610001,113.069397,47.32,46.158928,101.669998,99.713371,296.73999,296.73999,193.279999,193.279999,1139.290039,1139.290039,361.809998,361.809998,143.039993,134.911148,191.830002,188.238571,1665.27002,1665.27002
6/5/2018,115.669998,114.115143,47.130001,45.973591,102.190002,100.223366,291.130005,291.130005,192.940002,192.940002,1139.660034,1139.660034,365.799988,365.799988,143.699997,135.533646,193.309998,189.690826,1696.349976,1696.349976
6/6/2018,116.889999,115.318748,47.75,46.578373,102.489998,100.517586,319.5,319.5,191.339996,191.339996,1136.880005,1136.880005,367.450012,367.450012,144.710007,136.486252,193.979996,190.348297,1695.75,1695.75
6/7/2018,116.93,115.358208,47.68,46.51009,100.879997,98.938568,316.089996,316.089996,188.179993,188.179993,1123.859985,1123.859985,361.399994,361.399994,145.360001,137.099319,193.460007,189.838028,1689.300049,1689.300049
6/8/2018,118.75,117.15374,48.18,46.997826,101.629997,99.674141,317.660004,317.660004,189.100006,189.100006,1120.869995,1120.869995,360.570007,360.570007,146.139999,137.834991,191.699997,188.110962,1683.98999,1683.98999
6/11/2018,120.010002,118.396812,48.189999,47.007576,101.050003,99.105301,332.100006,332.100006,191.539993,191.539993,1129.98999,1129.98999,361.450012,361.450012,146.580002,138.249985,191.229996,187.64978,1689.119995,1689.119995
6/12/2018,120.190002,118.574387,48.450001,47.2612,101.309998,99.360298,342.769989,342.769989,192.399994,192.399994,1139.319946,1139.319946,363.829987,363.829987,146.869995,138.523483,192.279999,188.680099,1698.75,1698.75
6/13/2018,120.5,118.880219,48.27,47.085621,100.849998,98.909149,344.779999,344.779999,192.410004,192.410004,1134.790039,1134.790039,379.929993,379.929993,146.350006,138.033066,190.699997,187.129684,1704.859985,1704.859985
6/14/2018,121.379997,119.74839,45.900002,44.773766,101.419998,99.468178,357.720001,357.720001,196.809998,196.809998,1152.119995,1152.119995,392.869995,392.869995,145.199997,136.948395,190.800003,187.227844,1723.859985,1723.859985
6/15/2018,121.18,119.551079,46.279999,45.144451,100.129997,98.203003,358.170013,358.170013,195.850006,195.850006,1152.26001,1152.26001,391.980011,391.980011,145.389999,137.127594,188.839996,185.304504,1715.969971,1715.969971
6/18/2018,119.470001,117.864067,46.52,45.378555,100.860001,98.918961,370.829987,370.829987,198.309998,198.309998,1173.459961,1173.459961,390.399994,390.399994,144.479996,136.269318,188.740005,185.20639,1723.790039,1723.790039
6/19/2018,118.510002,116.916969,46.27,45.134693,100.860001,98.918961,352.549988,352.549988,197.490005,197.490005,1168.060059,1168.060059,404.980011,404.980011,143.899994,135.722275,185.690002,182.213486,1734.780029,1734.780029
6/20/2018,118.589996,116.995888,42.82,41.769341,101.870003,99.909523,362.220001,362.220001,202,202,1169.839966,1169.839966,416.76001,416.76001,142.630005,134.52446,186.5,183.008331,1750.079956,1750.079956
6/21/2018,117.940002,116.354637,43.099998,42.042473,101.139999,99.193573,347.51001,347.51001,201.5,201.5,1157.660034,1157.660034,415.440002,415.440002,141.25,133.22287,185.460007,181.987808,1730.219971,1730.219971
6/22/2018,117.830002,116.246109,44.099998,43.017933,100.410004,98.477631,333.630005,333.630005,201.740005,201.740005,1155.47998,1155.47998,411.089996,411.089996,141.279999,133.251175,184.919998,181.457901,1715.670044,1715.670044
6/25/2018,116.269997,114.707077,44.279999,43.19352,98.389999,96.49649,333.01001,333.01001,196.350006,196.350006,1124.810059,1124.810059,384.480011,384.480011,138.789993,130.902679,182.169998,178.759384,1663.150024,1663.150024
6/26/2018,115.209999,113.661331,44.41,43.320332,99.080002,97.173225,342,342,199,199,1118.459961,1118.459961,399.390015,399.390015,139.080002,131.176178,184.429993,180.977097,1691.089966,1691.089966
6/27/2018,114.839996,113.296295,43.450001,42.383888,97.540001,95.662849,344.5,344.5,195.839996,195.839996,1103.97998,1103.97998,390.390015,390.390015,137.479996,129.66713,184.160004,180.712158,1660.51001,1660.51001
6/28/2018,113.209999,111.68821,43.84,42.764317,98.629997,96.731873,349.929993,349.929993,196.229996,196.229996,1114.219971,1114.219971,395.420013,395.420013,140.039993,132.081619,185.5,182.027039,1701.449951,1701.449951
6/29/2018,115.660004,114.105286,44.060001,42.978916,98.610001,96.712257,342.950012,342.950012,194.320007,194.320007,1115.650024,1115.650024,391.429993,391.429993,139.699997,131.760971,185.110001,181.644363,1699.800049,1699.800049
7/2/2018,115.32,113.769852,44.950001,43.847088,100.010002,98.085312,335.070007,335.070007,197.360001,197.360001,1127.459961,1127.459961,398.179993,398.179993,139.860001,131.911865,187.179993,183.675583,1713.780029,1713.780029
7/3/2018,115.18,113.631729,44.720001,43.622726,99.050003,97.143799,310.859985,310.859985,192.729996,192.729996,1102.890015,1102.890015,390.519989,390.519989,139.570007,131.638336,183.919998,180.476639,1693.959961,1693.959961
7/5/2018,116.449997,114.884659,45.41,44.295792,99.760002,97.840126,309.160004,309.160004,198.449997,198.449997,1124.27002,1124.27002,398.390015,398.390015,141.429993,133.392654,185.399994,181.928925,1699.72998,1699.72998
7/6/2018,117.129997,115.555519,46,44.871319,101.160004,99.213196,308.899994,308.899994,203.229996,203.229996,1140.170044,1140.170044,408.25,408.25,142.479996,134.38298,187.970001,184.45079,1710.630005,1710.630005
7/9/2018,119.379997,117.775276,46.73,45.583405,101.849998,99.8899,318.51001,318.51001,204.740005,204.740005,1154.050049,1154.050049,418.970001,418.970001,144.389999,136.184433,190.580002,187.011948,1739.02002,1739.02002
7/10/2018,119.669998,118.061378,46.990002,45.837029,102.120003,100.154709,322.470001,322.470001,203.539993,203.539993,1152.839966,1152.839966,415.630005,415.630005,144.710007,136.486252,190.350006,186.786255,1743.069946,1743.069946
7/11/2018,117.82,116.236244,47.639999,46.471077,101.980003,100.01741,318.959991,318.959991,202.539993,202.539993,1153.900024,1153.900024,418.649994,418.649994,144.940002,136.703171,187.880005,184.362503,1755,1755
7/12/2018,119.440002,117.834473,48.150002,46.968563,104.190002,102.184883,316.709991,316.709991,206.919998,206.919998,1183.47998,1183.47998,413.5,413.5,146.449997,138.127365,191.029999,187.453506,1796.619995,1796.619995
7/13/2018,119.910004,118.298157,48.630001,47.436783,105.43,103.401009,318.869995,318.869995,207.320007,207.320007,1188.819946,1188.819946,395.799988,395.799988,145.899994,137.608612,191.330002,187.747894,1813.030029,1813.030029
7/16/2018,120.57,118.94928,48.459999,47.456367,104.910004,102.891022,310.100006,310.100006,207.229996,207.229996,1183.859985,1183.859985,400.480011,400.480011,145.460007,137.193634,190.910004,187.33577,1822.48999,1822.48999
7/17/2018,121.639999,120.004898,48.900002,47.88726,105.949997,103.910988,322.690002,322.690002,209.990005,209.990005,1198.800049,1198.800049,379.480011,379.480011,143.490005,135.335571,191.449997,187.865646,1843.930054,1843.930054
7/18/2018,121.959999,120.320595,48.639999,47.632641,105.120003,103.096977,323.850006,323.850006,209.360001,209.360001,1195.880005,1195.880005,375.130005,375.130005,144.520004,136.307037,190.399994,186.835327,1842.920044,1842.920044
7/19/2018,117.410004,115.831757,48.439999,47.436783,104.400002,102.390823,320.230011,320.230011,208.089996,208.089996,1186.959961,1186.959961,364.230011,364.230011,149.240005,140.75882,191.880005,188.287613,1812.969971,1812.969971
7/20/2018,116.400002,114.835335,48.52,47.515125,106.269997,104.224838,313.579987,313.579987,209.940002,209.940002,1184.910034,1184.910034,361.049988,361.049988,146.350006,138.033066,191.440002,187.855835,1813.699951,1813.699951
7/23/2018,116.809998,115.239822,48.669998,47.662018,107.970001,105.892128,303.200012,303.200012,210.910004,210.910004,1205.5,1205.5,362.660004,362.660004,145.699997,137.419983,191.610001,188.022659,1802,1802
7/24/2018,117.379997,115.802155,48.669998,47.662018,107.660004,105.588097,297.429993,297.429993,214.669998,214.669998,1248.079956,1248.079956,357.320007,357.320007,146.380005,138.06134,193,189.386642,1829.23999,1829.23999
7/25/2018,119.269997,117.666748,48.950001,47.936222,110.830002,108.697083,308.73999,308.73999,217.5,217.5,1263.699951,1263.699951,362.869995,362.869995,146.619995,138.287689,194.820007,191.172577,1863.609985,1863.609985
7/26/2018,119.699997,118.090973,48.869999,47.85788,109.620003,107.510376,306.649994,306.649994,176.259995,176.259995,1268.329956,1268.329956,363.089996,363.089996,146.710007,138.372589,194.210007,190.57399,1808,1808
7/27/2018,119.050003,117.449715,48.630001,47.622849,107.68,105.607712,297.179993,297.179993,174.889999,174.889999,1238.5,1238.5,355.209991,355.209991,145.149994,136.901245,190.979996,187.404449,1817.27002,1817.27002
7/30/2018,116.769997,115.200356,47.73,46.741489,105.370003,103.342163,290.170013,290.170013,171.059998,171.059998,1219.73999,1219.73999,334.959991,334.959991,145.490005,137.221939,189.910004,186.354477,1779.219971,1779.219971
7/31/2018,116.040001,114.480171,47.68,46.69252,106.080002,104.038513,298.140015,298.140015,172.580002,172.580002,1217.26001,1217.26001,337.450012,337.450012,144.929993,136.693756,190.289993,186.727371,1777.439941,1777.439941
8/1/2018,115.949997,114.39138,47.349998,46.369358,106.279999,104.23465,300.839996,300.839996,171.649994,171.649994,1220.01001,1220.01001,338.380005,338.380005,143.5,135.345016,201.5,197.727493,1797.170044,1797.170044
8/2/2018,115.57,114.016487,47.900002,46.90797,107.57,105.499832,349.540009,349.540009,176.369995,176.369995,1226.150024,1226.150024,344.5,344.5,142.960007,134.835709,207.389999,203.507217,1834.329956,1834.329956
8/3/2018,115.709999,114.15461,48.470001,47.466164,108.040001,105.960777,348.170013,348.170013,177.779999,177.779999,1223.709961,1223.709961,343.089996,343.089996,147.699997,139.306335,207.990005,204.095993,1823.290039,1823.290039
8/6/2018,115.239998,113.690926,48.669998,47.662018,108.129997,106.049042,341.98999,341.98999,185.690002,185.690002,1224.77002,1224.77002,350.920013,350.920013,146.029999,137.731232,209.070007,205.155792,1847.75,1847.75
8/7/2018,115.589996,114.036217,48.48,47.475956,108.879997,106.784607,379.570007,379.570007,183.809998,183.809998,1242.219971,1242.219971,351.829987,351.829987,147.009995,138.655548,207.110001,203.232483,1862.47998,1862.47998
8/8/2018,116.019997,114.460434,48.389999,47.387821,109.489998,107.382874,370.339996,370.339996,185.179993,185.179993,1245.609985,1245.609985,347.609985,347.609985,146.889999,138.542358,207.25,203.369858,1886.52002,1886.52002
8/9/2018,115.690002,114.13488,48.540001,47.534714,109.669998,107.559402,352.450012,352.450012,183.089996,183.089996,1249.099976,1249.099976,349.359985,349.359985,144.770004,138.018021,208.880005,204.96933,1898.52002,1898.52002
8/10/2018,112.860001,111.342918,48.32,47.319271,109,106.902306,355.48999,355.48999,180.259995,180.259995,1237.609985,1237.609985,345.869995,345.869995,144.479996,137.741531,207.529999,204.35881,1886.300049,1886.300049
8/13/2018,114.099998,112.566246,48.009998,47.015686,108.209999,106.127502,356.410004,356.410004,180.050003,180.050003,1235.01001,1235.01001,341.309998,341.309998,142.710007,136.054092,208.869995,205.678345,1896.199951,1896.199951
8/14/2018,114.169998,112.635307,48.23,47.231133,109.559998,107.45153,347.640015,347.640015,181.110001,181.110001,1242.099976,1242.099976,337.48999,337.48999,143.360001,136.673767,209.75,206.544891,1919.650024,1919.650024
8/15/2018,113.220001,111.698082,47.84,46.849209,107.660004,105.994431,338.690002,338.690002,179.529999,179.529999,1214.380005,1214.380005,326.399994,326.399994,143.910004,137.198105,210.240005,207.02742,1882.619995,1882.619995
8/16/2018,116.080002,114.519638,48.099998,47.103821,107.639999,105.974731,335.450012,335.450012,174.699997,174.699997,1206.48999,1206.48999,322.440002,322.440002,145.339996,138.561432,213.320007,210.060333,1886.52002,1886.52002
8/17/2018,116.900002,115.328613,48.360001,47.35844,107.580002,105.915665,305.5,305.5,173.800003,173.800003,1200.959961,1200.959961,316.779999,316.779999,146.059998,139.247864,217.580002,214.255234,1882.219971,1882.219971
8/20/2018,117.699997,116.117851,48.419998,47.417194,106.870003,105.216652,308.440002,308.440002,172.5,172.5,1207.77002,1207.77002,327.730011,327.730011,146.509995,139.676849,215.460007,212.167633,1876.709961,1876.709961
8/21/2018,117.980003,116.394096,48.41,47.407406,105.980003,104.340416,321.899994,321.899994,172.619995,172.619995,1201.619995,1201.619995,338.019989,338.019989,145.970001,139.162048,215.039993,211.754028,1883.420044,1883.420044
8/22/2018,119.080002,117.479309,48.799999,47.789326,107.059998,105.403702,321.640015,321.640015,173.639999,173.639999,1207.329956,1207.329956,344.440002,344.440002,145.240005,138.46611,215.050003,211.763901,1904.900024,1904.900024
8/23/2018,119.290001,117.686485,48.959999,47.946014,107.559998,105.895966,320.100006,320.100006,172.899994,172.899994,1205.380005,1205.380005,339.170013,339.170013,145.369995,138.590012,215.490005,212.197189,1902.900024,1902.900024
8/24/2018,120.900002,119.274841,49.259998,48.239796,108.400002,106.722969,322.820007,322.820007,174.649994,174.649994,1220.650024,1220.650024,358.820007,358.820007,146.039993,139.228775,216.160004,212.856949,1905.390015,1905.390015
8/27/2018,122.209999,120.56723,49.330002,48.308353,109.599998,107.904411,319.269989,319.269989,177.460007,177.460007,1241.819946,1241.819946,364.579987,364.579987,146.690002,139.848465,217.940002,214.609741,1927.680054,1927.680054
8/28/2018,122.029999,120.389648,48.639999,47.632641,110.260002,108.554207,311.859985,311.859985,176.259995,176.259995,1231.150024,1231.150024,368.48999,368.48999,146.589996,139.753128,219.699997,216.34285,1932.819946,1932.819946
8/29/2018,122.050003,120.409386,48.889999,47.87746,112.019997,110.286972,305.01001,305.01001,175.899994,175.899994,1249.300049,1249.300049,368.040009,368.040009,147.539993,140.658813,222.979996,219.572723,1998.099976,1998.099976
8/30/2018,121.230003,119.60041,48.380001,47.378029,111.949997,110.218056,303.149994,303.149994,177.639999,177.639999,1239.119995,1239.119995,370.980011,370.980011,145.929993,139.123901,225.029999,221.591385,2002.380005,2002.380005
8/31/2018,119.739998,118.130432,48.580002,47.573883,112.330002,110.592186,301.660004,301.660004,175.729996,175.729996,1218.189941,1218.189941,367.679993,367.679993,146.479996,139.648239,227.630005,224.151657,2012.709961,2012.709961
9/4/2018,118.379997,116.788712,48.580002,47.573883,111.709999,109.981766,288.950012,288.950012,171.160004,171.160004,1197,1197,363.600006,363.600006,145.679993,138.885544,228.360001,224.870499,2039.51001,2039.51001
9/5/2018,115.410004,113.858643,48.040001,47.045067,108.489998,106.811584,280.73999,280.73999,167.179993,167.179993,1186.47998,1186.47998,341.179993,341.179993,146.660004,139.81987,226.869995,223.403275,1994.819946,1994.819946
9/6/2018,115.330002,113.779716,47.709999,46.721905,108.739998,107.057709,280.950012,280.950012,162.529999,162.529999,1171.439941,1171.439941,346.459991,346.459991,146.389999,139.562469,223.100006,219.690903,1958.310059,1958.310059
9/7/2018,116.519997,114.95372,47.810001,46.819836,108.209999,106.535919,263.23999,263.23999,163.039993,163.039993,1164.829956,1164.829956,348.679993,348.679993,145.449997,138.666306,221.300003,217.918411,1952.069946,1952.069946
9/10/2018,118.260002,116.670334,48.860001,47.848083,109.379997,107.687813,285.5,285.5,164.179993,164.179993,1164.640015,1164.640015,348.410004,348.410004,145.649994,138.856964,218.330002,214.993759,1939.01001,1939.01001
9/11/2018,119.290001,117.686485,48.919998,47.906841,111.239998,109.519043,279.440002,279.440002,165.940002,165.940002,1177.359985,1177.359985,355.929993,355.929993,146.490005,139.657791,223.850006,220.429443,1987.150024,1987.150024
9/12/2018,121.050003,119.422829,49.34,48.318146,111.709999,109.981766,290.540009,290.540009,162,162,1162.819946,1162.819946,369.950012,369.950012,146.570007,139.73407,221.070007,217.691925,1990,1990
9/13/2018,121.169998,119.541214,48.959999,47.946014,112.910004,111.163208,289.459991,289.459991,161.360001,161.360001,1175.329956,1175.329956,368.149994,368.149994,148.949997,142.003052,226.410004,222.950317,1989.869995,1989.869995
9/14/2018,121.400002,119.76812,49.25,48.230007,113.370003,111.616089,295.200012,295.200012,162.320007,162.320007,1172.530029,1172.530029,364.559998,364.559998,148.330002,141.411957,223.839996,220.419571,1970.189941,1970.189941
9/17/2018,119.790001,118.179764,49.18,48.161457,112.139999,110.405121,294.839996,294.839996,160.580002,160.580002,1156.050049,1156.050049,350.350006,350.350006,147.940002,141.040176,217.880005,214.550659,1908.030029,1908.030029
9/18/2018,120.279999,118.663177,49.029999,48.014565,113.209999,111.458572,284.959991,284.959991,160.300003,160.300003,1161.219971,1161.219971,367.649994,367.649994,148.559998,141.631256,218.240005,214.905167,1941.050049,1941.050049
9/19/2018,119.489998,117.883797,49.43,48.406277,111.699997,109.971924,299.019989,299.019989,163.059998,163.059998,1171.089966,1171.089966,366.959991,366.959991,149.059998,142.107925,218.369995,215.033142,1926.420044,1926.420044
9/20/2018,120.129997,118.51519,50.43,49.385567,113.57,111.812996,298.329987,298.329987,166.020004,166.020004,1186.869995,1186.869995,365.359985,365.359985,151.149994,144.100449,220.029999,216.667816,1944.300049,1944.300049
9/21/2018,121.639999,120.004898,51.099998,50.041695,114.260002,112.492317,299.100006,299.100006,162.929993,162.929993,1166.089966,1166.089966,361.190002,361.190002,151.350006,144.291138,217.660004,214.33403,1915.01001,1915.01001
9/24/2018,122.040001,120.399521,51.240002,50.178795,114.669998,112.895973,299.679993,299.679993,165.410004,165.410004,1173.369995,1173.369995,369.609985,369.609985,150.029999,143.032684,220.789993,217.416183,1934.359985,1934.359985
9/25/2018,126.610001,124.908089,51.720001,50.648853,114.449997,112.679375,300.98999,300.98999,164.910004,164.910004,1184.650024,1184.650024,369.429993,369.429993,148.910004,141.964935,222.190002,218.7948,1974.550049,1974.550049
9/26/2018,126.169998,124.473999,51.630001,50.560719,113.980003,112.21666,309.579987,309.579987,166.949997,166.949997,1180.48999,1180.48999,377.880005,377.880005,151.610001,144.539001,220.419998,217.051849,1974.849976,1974.849976
9/27/2018,125.360001,123.674889,51.689999,50.619476,114.410004,112.639999,307.519989,307.519989,168.839996,168.839996,1194.640015,1194.640015,380.709991,380.709991,151.5,144.434143,224.949997,221.512604,2012.97998,2012.97998
9/28/2018,123,121.346611,51.560001,50.492168,114.370003,112.600616,264.769989,264.769989,164.460007,164.460007,1193.469971,1193.469971,374.130005,374.130005,151.210007,144.157669,225.740005,222.290543,2003,2003
10/1/2018,123.269997,121.612984,51.799999,50.727196,115.610001,113.821434,310.700012,310.700012,162.440002,162.440002,1195.310059,1195.310059,381.429993,381.429993,153,145.864166,227.259995,223.787323,2004.359985,2004.359985
10/2/2018,122.209999,120.56723,50.23,49.189713,115.150002,113.368553,301.019989,301.019989,159.330002,159.330002,1200.109985,1200.109985,377.140015,377.140015,153.75,146.579178,229.279999,225.776459,1971.310059,1971.310059
10/3/2018,122.769997,121.119705,49.75,48.71965,115.169998,113.388237,294.799988,294.799988,162.429993,162.429993,1202.949951,1202.949951,377.049988,377.049988,153.220001,146.073898,232.070007,228.523819,1952.76001,1952.76001
10/4/2018,122.059998,120.41925,49.470001,48.445454,112.790001,111.045067,281.829987,281.829987,158.850006,158.850006,1168.189941,1168.189941,363.649994,363.649994,151.309998,144.252991,227.990005,224.50618,1909.420044,1909.420044
10/5/2018,120.089996,118.475731,49.349998,48.327934,112.129997,110.395264,261.950012,261.950012,157.330002,157.330002,1157.349976,1157.349976,351.350006,351.350006,149.029999,142.07933,224.289993,220.862717,1889.650024,1889.650024
10/8/2018,117.330002,115.752831,49.360001,48.337734,110.849998,109.135078,250.559998,250.559998,157.25,157.25,1148.969971,1148.969971,349.100006,349.100006,148.389999,141.469162,223.770004,220.350662,1864.420044,1864.420044
10/9/2018,119.379997,117.775276,48.869999,47.85788,112.260002,110.523254,262.799988,262.799988,157.899994,157.899994,1138.819946,1138.819946,355.709991,355.709991,147.240005,140.372818,226.869995,223.403275,1870.319946,1870.319946
10/10/2018,113.010002,111.490906,47.400002,46.418324,106.160004,104.517632,256.880005,256.880005,151.380005,151.380005,1081.219971,1081.219971,325.890015,325.890015,142.690002,136.035004,216.360001,213.053894,1755.25,1755.25
10/11/2018,112.910004,111.39225,46.779999,45.811165,105.910004,104.271507,252.229996,252.229996,153.350006,153.350006,1079.319946,1079.319946,321.100006,321.100006,139.020004,132.536179,214.449997,211.173065,1719.359985,1719.359985
10/12/2018,114.529999,112.990471,47.380001,46.398735,109.57,107.87487,258.779999,258.779999,153.740005,153.740005,1110.079956,1110.079956,339.559998,339.559998,140.850006,134.280838,222.110001,218.716034,1788.609985,1788.609985
10/15/2018,113.25,111.727676,47.119999,46.329914,107.599998,105.935349,259.589996,259.589996,153.520004,153.520004,1092.25,1092.25,333.130005,333.130005,141.130005,134.547791,217.360001,214.038605,1760.949951,1760.949951
10/16/2018,117.419998,115.841621,48.23,47.421299,111,109.282745,276.589996,276.589996,158.779999,158.779999,1121.280029,1121.280029,346.399994,346.399994,145.119995,138.351685,222.149994,218.755417,1819.959961,1819.959961
10/17/2018,115.790001,114.233536,47.860001,47.057507,110.709999,108.997238,271.779999,271.779999,159.419998,159.419998,1115.689941,1115.689941,364.700012,364.700012,134.050003,127.797989,221.190002,217.810089,1831.72998,1831.72998
10/18/2018,107.010002,105.571556,47.380001,46.585548,108.5,106.821426,263.910004,263.910004,154.919998,154.919998,1087.969971,1087.969971,346.709991,346.709991,130.550003,124.46122,216.020004,212.719086,1770.719971,1770.719971
10/19/2018,109.019997,107.554535,47.59,46.79203,108.660004,106.978958,260,260,154.050003,154.050003,1096.459961,1096.459961,332.670013,332.670013,129.100006,123.078857,219.309998,215.958801,1764.030029,1764.030029
10/22/2018,108.620003,107.159912,47.939999,47.136162,109.629997,107.933945,260.950012,260.950012,154.779999,154.779999,1101.160034,1101.160034,329.540009,329.540009,130.020004,123.95594,220.649994,217.27832,1789.300049,1789.300049
10/23/2018,107.739998,106.29174,47.990002,47.185326,108.099998,106.427612,294.140015,294.140015,154.389999,154.389999,1103.689941,1103.689941,333.160004,333.160004,131.210007,125.090446,222.729996,219.326538,1768.699951,1768.699951
10/24/2018,103.370003,101.980484,46.759998,45.975945,102.32,100.737038,288.5,288.5,146.039993,146.039993,1050.709961,1050.709961,301.829987,301.829987,127.209999,121.277,215.089996,211.803284,1664.199951,1664.199951
10/25/2018,106.540001,105.107872,47.959999,47.155827,108.300003,106.624535,314.859985,314.859985,150.949997,150.949997,1095.569946,1095.569946,312.869995,312.869995,126.449997,120.552444,219.800003,216.44133,1782.170044,1782.170044
10/26/2018,105.410004,103.993065,47.32,46.526558,106.959999,105.30526,330.899994,330.899994,145.369995,145.369995,1071.469971,1071.469971,299.829987,299.829987,124.790001,118.969864,216.300003,212.994797,1642.810059,1642.810059
10/29/2018,104.279999,102.87825,47.02,46.23159,103.849998,102.24337,334.850006,334.850006,142.089996,142.089996,1020.080017,1020.080017,284.839996,284.839996,119.639999,114.060059,212.240005,208.996857,1538.880005,1538.880005
10/30/2018,105.589996,104.170639,48.57,47.755596,103.730003,102.125237,329.899994,329.899994,146.220001,146.220001,1036.209961,1036.209961,285.809998,285.809998,115.400002,110.017807,213.300003,210.040649,1530.420044,1530.420044
10/31/2018,107.260002,105.818199,48.84,48.021069,106.809998,105.157578,337.320007,337.320007,151.789993,151.789993,1076.77002,1076.77002,301.779999,301.779999,115.43,110.04641,218.860001,215.515686,1598.01001,1598.01001
11/1/2018,106.669998,105.236122,48.59,47.775265,105.919998,104.281342,344.279999,344.279999,151.75,151.75,1070,1070,317.380005,317.380005,116.830002,111.381119,222.220001,218.824341,1665.530029,1665.530029
11/2/2018,107.629997,106.18322,48.830002,48.011238,106.160004,104.517632,346.410004,346.410004,150.350006,150.350006,1057.790039,1057.790039,309.100006,309.100006,115.669998,110.275215,207.479996,204.30957,1665.530029,1665.530029
11/5/2018,107.620003,106.173355,49.02,48.198051,107.510002,105.846748,341.399994,341.399994,148.679993,148.679993,1040.089966,1040.089966,315.440002,315.440002,120.059998,114.460464,201.589996,198.509583,1627.800049,1627.800049
11/6/2018,106.900002,105.463036,49.25,48.424194,107.720001,106.053505,341.059998,341.059998,149.940002,149.940002,1055.810059,1055.810059,310.839996,310.839996,123.120003,117.377762,203.770004,200.656265,1642.810059,1642.810059
11/7/2018,109.489998,108.018219,50.259998,49.417255,111.959999,110.227905,348.160004,348.160004,151.529999,151.529999,1093.390015,1093.390015,327.5,327.5,124.839996,119.017525,209.949997,206.741821,1755.48999,1755.48999
11/8/2018,107.610001,106.16349,50.43,49.584408,111.75,110.021149,351.399994,351.399994,147.869995,147.869995,1082.400024,1082.400024,317.920013,317.920013,123.379997,119.123734,208.490005,206.020493,1754.910034,1754.910034
11/9/2018,108.309998,106.85408,50.610001,49.761391,109.57,107.87487,350.51001,350.51001,144.960007,144.960007,1066.150024,1066.150024,303.470001,303.470001,123.540001,119.278229,204.470001,202.048096,1712.430054,1712.430054
11/12/2018,101.419998,100.056694,49.220001,48.394703,106.870003,105.216652,331.279999,331.279999,141.550003,141.550003,1038.630005,1038.630005,294.070007,294.070007,120.900002,116.729294,194.169998,191.870087,1636.849976,1636.849976
11/13/2018,103.730003,102.335648,49.509998,48.679836,106.940002,105.285568,338.730011,338.730011,142.160004,142.160004,1036.050049,1036.050049,294.399994,294.399994,120.839996,116.671356,192.229996,189.953079,1631.170044,1631.170044
11/14/2018,103.830002,102.434303,48.84,48.021069,104.970001,103.792503,344,344,144.220001,144.220001,1043.660034,1043.660034,286.730011,286.730011,120.199997,116.053444,186.800003,184.587402,1599.01001,1599.01001
11/15/2018,105.480003,104.062126,50.630001,49.781055,107.279999,106.076599,348.440002,348.440002,143.850006,143.850006,1064.709961,1064.709961,290.059998,290.059998,121.440002,117.250671,191.410004,189.142792,1619.439941,1619.439941
11/16/2018,104.599998,103.193947,51.169998,50.312,108.290001,107.075256,354.309998,354.309998,139.529999,139.529999,1061.48999,1061.48999,286.209991,286.209991,121.57,117.376175,193.529999,191.237686,1593.410034,1593.410034
11/19/2018,101.580002,100.214546,49.549999,48.719162,104.620003,103.446434,353.470001,353.470001,131.550003,131.550003,1020,1020,270.600006,270.600006,120.309998,116.159645,185.860001,183.658539,1512.290039,1512.290039
11/20/2018,99.980003,98.636055,48.330002,47.519623,101.709999,100.569077,347.48999,347.48999,132.429993,132.429993,1025.76001,1025.76001,266.980011,266.980011,117.199997,113.156929,176.979996,174.883713,1495.459961,1495.459961
11/21/2018,101.510002,100.145485,48.619999,47.80476,103.110001,101.953369,338.190002,338.190002,134.820007,134.820007,1037.609985,1037.609985,262.130005,262.130005,118.57,114.479668,176.779999,174.686081,1516.72998,1516.72998
11/23/2018,100.989998,99.632477,48.700001,47.883419,103.07,101.913811,325.829987,325.829987,131.729996,131.729996,1023.880005,1023.880005,258.820007,258.820007,117.190002,113.147278,172.289993,170.249252,1502.060059,1502.060059
11/26/2018,102.739998,101.358948,48.259998,47.450794,106.470001,105.275681,346,346,136.380005,136.380005,1048.619995,1048.619995,261.429993,261.429993,119.559998,115.435516,174.619995,172.551666,1581.329956,1581.329956
11/27/2018,101.860001,100.490784,47.439999,46.644547,107.139999,105.938156,343.920013,343.920013,135,135,1044.410034,1044.410034,266.630005,266.630005,120.029999,115.889297,174.240005,172.176163,1581.420044,1581.420044
11/28/2018,104.910004,103.499786,48.189999,47.381966,111.120003,109.87352,347.869995,347.869995,136.759995,136.759995,1086.22998,1086.22998,282.649994,282.649994,123,118.756851,180.940002,178.796799,1677.75,1677.75
11/29/2018,103.989998,102.592148,47.900002,47.096836,110.190002,108.953957,341.170013,341.170013,138.679993,138.679993,1088.300049,1088.300049,288.75,288.75,121.480003,117.289284,179.550003,177.423264,1673.569946,1673.569946
11/30/2018,103.68,102.286316,48.759998,47.942413,110.889999,109.646095,350.480011,350.480011,140.610001,140.610001,1094.430054,1094.430054,286.130005,286.130005,124.269997,119.983032,178.580002,176.464767,1690.170044,1690.170044
12/3/2018,105.290001,103.87468,49.830002,48.994476,112.089996,110.832626,358.48999,358.48999,141.089996,141.089996,1106.430054,1106.430054,290.299988,290.299988,125.309998,120.98716,184.820007,182.630859,1772.359985,1772.359985
12/4/2018,102.910004,101.526672,48.75,47.932579,108.519997,107.302681,359.700012,359.700012,137.929993,137.929993,1050.819946,1050.819946,275.329987,275.329987,121.599998,117.405136,176.690002,174.597153,1668.400024,1668.400024
12/6/2018,101.510002,100.145485,46.68,45.897289,109.190002,107.965172,363.059998,363.059998,139.630005,139.630005,1068.72998,1068.72998,282.880005,282.880005,123.910004,119.63546,174.720001,172.650482,1699.189941,1699.189941
12/7/2018,100.720001,99.366104,46,45.228691,104.82,103.644188,357.970001,357.970001,137.419998,137.419998,1036.579956,1036.579956,265.140015,265.140015,119.339996,115.223106,168.490005,166.494278,1629.130005,1629.130005
12/10/2018,101.900002,100.530243,46.669998,45.887451,107.589996,106.38311,365.149994,365.149994,141.850006,141.850006,1039.550049,1039.550049,269.700012,269.700012,121.129997,116.951355,169.600006,167.591125,1641.030029,1641.030029
12/11/2018,101.559998,100.194809,46.459999,45.680977,108.589996,107.371895,366.76001,366.76001,142.080002,142.080002,1051.75,1051.75,265.320007,265.320007,120.889999,116.719635,168.630005,166.632614,1643.23999,1643.23999
12/12/2018,103.339996,101.950882,47.32,46.526558,109.080002,107.8564,366.600006,366.600006,144.5,144.5,1063.680054,1063.680054,274.880005,274.880005,121.160004,116.980324,169.100006,167.097046,1663.540039,1663.540039
12/13/2018,103.459999,102.069275,47.23,46.438068,109.449997,108.222252,376.790009,376.790009,145.009995,145.009995,1061.900024,1061.900024,276.019989,276.019989,120.730003,116.56517,170.949997,168.925125,1658.380005,1658.380005
12/14/2018,100.989998,99.632477,46.599998,45.81863,106.029999,104.840607,365.709991,365.709991,144.059998,144.059998,1042.099976,1042.099976,266.839996,266.839996,119.900002,115.763786,165.479996,163.519913,1591.910034,1591.910034
12/17/2018,99.620003,98.280891,45.73,44.963219,102.889999,101.735832,348.420013,348.420013,140.190002,140.190002,1016.530029,1016.530029,262.799988,262.799988,116.099998,112.094879,163.940002,161.998169,1520.910034,1520.910034
12/18/2018,100.080002,98.734711,45.849998,45.081203,103.970001,102.803719,337.029999,337.029999,143.660004,143.660004,1028.709961,1028.709961,270.940002,270.940002,116.650002,112.625908,166.070007,164.102936,1551.47998,1551.47998
12/19/2018,100.110001,98.764305,46.450001,45.671146,103.690002,102.526863,332.970001,332.970001,133.240005,133.240005,1023.01001,1023.01001,266.769989,266.769989,116.43,112.413498,160.889999,158.984299,1495.079956,1495.079956
12/20/2018,100.099998,98.75444,46.240002,45.464668,101.510002,100.371323,315.380005,315.380005,133.399994,133.399994,1009.409973,1009.409973,260.579987,260.579987,113.019997,109.121124,156.830002,154.972397,1460.829956,1460.829956
12/21/2018,96.139999,94.847672,44,43.26223,98.230003,97.128105,319.769989,319.769989,124.949997,124.949997,979.539978,979.539978,246.389999,246.389999,110.940002,107.112885,150.729996,148.944626,1377.449951,1377.449951
12/24/2018,95,93.722992,42.689999,41.974194,94.129997,93.074097,295.390015,295.390015,124.059998,124.059998,976.219971,976.219971,233.880005,233.880005,107.57,103.859131,146.830002,145.090836,1343.959961,1343.959961
12/26/2018,98.379997,97.057556,44.59,43.842335,100.559998,99.431976,326.089996,326.089996,134.179993,134.179993,1039.459961,1039.459961,253.669998,253.669998,111.389999,107.547356,157.169998,155.30835,1470.900024,1470.900024
12/27/2018,98.989998,97.659355,44.970001,44.215961,101.18,100.045013,316.130005,316.130005,134.520004,134.520004,1043.880005,1043.880005,255.570007,255.570007,113.779999,109.854912,156.149994,154.300446,1461.640015,1461.640015
12/28/2018,99.199997,97.866531,44.82,44.068474,100.389999,99.263878,333.869995,333.869995,133.199997,133.199997,1037.079956,1037.079956,256.079987,256.079987,113.029999,109.130783,156.229996,154.379486,1478.02002,1478.02002
12/31/2018,99.550003,98.211838,45.150002,44.392948,101.57,100.430641,332.799988,332.799988,131.089996,131.089996,1035.609985,1035.609985,267.660004,267.660004,113.669998,109.748711,157.740005,155.871613,1501.969971,1501.969971
